doc_id;datetime;text;video;likes;reposts;replies;username;handle;user_description;user_image;user_followers;condition;sequence
1;23.08.26 08:45;Vi porto come me agli europeri di nuoto 🥇 #sport #nuoto #italia;https://raw.githubusercontent.com/analyticspeg/202609_ITA_Exp_Content/refs/heads/main/nuoto.mp4;39624;3350;199;SportFlashIT;sportflash.it;Notizie sportive in tempo reale ⚡;https://raw.githubusercontent.com/analyticspeg/202609_ITA_Exp_Content/refs/heads/main/salute.jpg;182434;A;1
2;03.08.26 18:55;Pastaio di Nuoro, tradizione in ogni grano.;https://raw.githubusercontent.com/analyticspeg/202609_ITA_Exp_Content/refs/heads/main/pastaio.mp4;4532;1346;775;PastaioDiNuoro;pastaiodinuoro;La fregola sarda che non scordi;https://raw.githubusercontent.com/analyticspeg/202609_ITA_Exp_Content/refs/heads/main/pastaiologo.jpg;5028;A;2
3;28.08.26 16:30;3 trucchi per fare foto professionali con il solo smartphone, nessuno te li dice 📱📸 #fotografia #tutorial #smartphone;https://raw.githubusercontent.com/analyticspeg/202609_ITA_Exp_Content/refs/heads/main/tips.mp4;62393;2755;354;ScattaConMe;scattaconme;Fotografo mobile 📱 | Tutorial gratuiti ogni settimana;https://raw.githubusercontent.com/analyticspeg/202609_ITA_Exp_Content/refs/heads/main/ragazzo6.jpg;72849;A;3
4;26.07.26 13:15;Come fare la carbonara perfetta! 🍝 Salvate questo post! #ricetta #carbonara #cucina;https://raw.githubusercontent.com/analyticspeg/202609_ITA_Exp_Content/refs/heads/main/carbonara.mp4;76400;2900;1100;ChefLuca_cucina;chefluca.cucina;Chef professionista 👨‍🍳 | Ricette facili per tutti | Nuovo video ogni martedì;https://raw.githubusercontent.com/analyticspeg/202609_ITA_Exp_Content/refs/heads/main/chef1.jpg;129150;A;4
5;30.08.26 13:45;Impact ambientale: ecco quanto costa davvero un capo di fast fashion al pianeta 🌍👕 #sostenibilità #ambiente #news;https://raw.githubusercontent.com/analyticspeg/202609_ITA_Exp_Content/refs/heads/main/fashion.mp4;46994;970;688;PianetaOra;pianeta.ora;Informazione ambientale indipendente 🌱;https://raw.githubusercontent.com/analyticspeg/202609_ITA_Exp_Content/refs/heads/main/oceano1.jpg;108781;A;5
6;25.08.26 10:45;Oggi mi sono laureato e non riesco a smettere di piangere dalla gioia 🎓😭 Ce l'ho fatta! #laurea #traguardo #universita;https://raw.githubusercontent.com/analyticspeg/202609_ITA_Exp_Content/refs/heads/main/laurea.mp4;13667;114;164;Federico_Racconta;federico.racconta;Studente, sognatore, sempre in movimento ✨;https://raw.githubusercontent.com/analyticspeg/202609_ITA_Exp_Content/refs/heads/main/trainer.jpg;13387;A;6
7;31.08.26 18:00;Il matrimonio dei miei migliori amici, non ho smesso di piangere per l'emozione 👰‍♀️🤍 #matrimonio #amore #amici;https://raw.githubusercontent.com/analyticspeg/202609_ITA_Exp_Content/refs/heads/main/matrimonio.mp4;10604;556;107;GiadaRacconta_;giada.racconta_;Fotografa di matrimoni 📷 | Emozioni vere, momenti unici;https://raw.githubusercontent.com/analyticspeg/202609_ITA_Exp_Content/refs/heads/main/ragazza1.jpg;24419;A;7
8;31.07.26 11:45;Come organizzare l'armadio in modo efficiente: la mia guida definitiva 👗 #organizzazione #homedecor;https://raw.githubusercontent.com/analyticspeg/202609_ITA_Exp_Content/refs/heads/main/armadio.mp4;23565;834;34567;OrdineEStile;ordineestile;Professional organizer 📦 | Consulenze a domicilio e online;https://raw.githubusercontent.com/analyticspeg/202609_ITA_Exp_Content/refs/heads/main/ragazzo8.jpg;27916;A;8
9;16.08.26 08:45;Tutorial trucco autunnale in 10 minuti, perfetto per l'ufficio 💄 #makeup #tutorial #beauty;https://raw.githubusercontent.com/analyticspeg/202609_ITA_Exp_Content/refs/heads/main/makeup.mp4;73325;4586;763;BeautyByChiara;beautybychiara;Make-up artist 💋 | Tutorial e recensioni prodotti | Collab: DM;https://raw.githubusercontent.com/analyticspeg/202609_ITA_Exp_Content/refs/heads/main/ragazza6.jpg;122911;A;9
10;11.08.26 00:15;Il mio cane ha appena scoperto la neve per la prima volta 🐶❄️ Guardate che felicità! #cane #neve #dogsofinstagram;https://raw.githubusercontent.com/analyticspeg/202609_ITA_Exp_Content/refs/heads/main/cane.mp4;87653;456;873;PelosoAmore;peloso.amore;Vita insieme al mio golden retriever Leo 🐾;https://raw.githubusercontent.com/analyticspeg/202609_ITA_Exp_Content/refs/heads/main/ragazza4.jpg;50293;A;10
11;26.08.26 08:30;Smart working: chi altro si riconosce? 💻🛋️😂 #smartworking #meme #lavoroautonomo;https://raw.githubusercontent.com/analyticspeg/202609_ITA_Exp_Content/refs/heads/main/smart.mp4;242269;5374;2433;UfficioInPigiama;ufficioinpigiama;Contenuti per chi lavora da casa (e non solo) 🏠;https://raw.githubusercontent.com/analyticspeg/202609_ITA_Exp_Content/refs/heads/main/ragazzo2.jpg;217812;A;11